City_ID,City,Lat,Lng,Max Temp,Humidity,Cloudiness,Wind Speed,Country,Date
0,Grand-Santi,4.25,-54.3833,72.46,98,52,3.06,GF,2022-01-26 22:19:42
1,Georgetown,5.4112,100.3354,78.73,93,40,3.44,MY,2022-01-26 22:19:42
2,Hithadhoo,-0.6,73.0833,81.32,74,100,21.65,MV,2022-01-26 22:19:42
3,Hermanus,-34.4187,19.2345,65.8,81,97,13.13,ZA,2022-01-26 22:19:43
4,Mareeba,-17.0,145.4333,76.44,96,100,2.57,AU,2022-01-26 22:19:43
5,Ushuaia,-54.8,-68.3,51.46,71,75,32.21,AR,2022-01-26 22:19:43
6,Beloha,-25.1667,45.05,70.48,84,0,14.14,MG,2022-01-26 22:19:44
7,Touros,-5.1989,-35.4608,81.5,74,34,13.31,BR,2022-01-26 22:19:44
8,Punta Arenas,-53.15,-70.9167,55.51,67,0,29.93,CL,2022-01-26 22:15:36
9,Iqaluit,63.7506,-68.5145,-22.27,69,20,2.3,CA,2022-01-26 22:19:44
10,Buraydah,26.326,43.975,57.65,29,2,9.24,SA,2022-01-26 22:19:02
11,Albany,42.6001,-73.9662,17.74,49,17,8.01,US,2022-01-26 22:15:46
12,Tabou,4.423,-7.3528,79.16,79,31,7.74,CI,2022-01-26 22:19:45
13,Belyy Yar,53.6039,91.3903,-2.31,84,100,0.0,RU,2022-01-26 22:19:45
14,Zhangye,38.9342,100.4517,17.37,48,100,1.16,CN,2022-01-26 22:19:46
15,Ajdabiya,30.7554,20.2263,53.31,61,94,9.19,LY,2022-01-26 22:19:46
16,Lavrentiya,65.5833,-171.0,-20.49,89,30,4.65,RU,2022-01-26 22:19:46
17,Tiksi,71.6872,128.8694,-1.71,90,12,17.56,RU,2022-01-26 22:19:47
18,Harper,4.375,-7.7169,79.25,79,28,8.68,LR,2022-01-26 22:19:47
19,Delta Del Tigre,-34.7633,-56.3853,72.9,85,100,10.0,UY,2022-01-26 22:19:47
20,Sinnamary,5.3833,-52.95,75.87,87,56,7.65,GF,2022-01-26 22:19:48
21,Clyde River,70.4692,-68.5914,-7.37,84,100,34.52,CA,2022-01-26 22:19:48
22,Hobart,-42.8794,147.3294,70.27,67,75,5.99,AU,2022-01-26 22:15:28
23,Kloulklubed,7.0419,134.2556,77.5,81,89,18.63,PW,2022-01-26 22:19:48
24,Thompson,55.7435,-97.8558,3.36,66,75,14.97,CA,2022-01-26 22:19:49
25,Vila Franca Do Campo,37.7167,-25.4333,59.41,74,78,10.76,PT,2022-01-26 22:19:49
26,Port Alfred,-33.5906,26.891,73.06,90,94,5.88,ZA,2022-01-26 22:19:50
27,Rikitea,-23.1203,-134.9692,78.24,77,10,19.01,PF,2022-01-26 22:19:50
28,Voloshka,61.3314,40.0858,-8.5,100,100,2.93,RU,2022-01-26 22:19:50
29,Kapaa,22.0752,-159.319,79.12,71,75,1.01,US,2022-01-26 22:19:51
30,Aklavik,68.2191,-135.0107,2.23,78,75,9.22,CA,2022-01-26 22:19:51
31,Cabo San Lucas,22.8909,-109.9124,76.6,49,0,1.99,MX,2022-01-26 22:19:43
32,Port Elizabeth,-33.918,25.5701,69.1,94,100,6.91,ZA,2022-01-26 22:19:52
33,Busselton,-33.65,115.3333,56.57,88,5,11.1,AU,2022-01-26 22:19:52
34,Haines Junction,60.7522,-137.5108,19.35,86,100,1.14,CA,2022-01-26 22:19:52
35,Tasiilaq,65.6145,-37.6368,15.96,76,100,5.32,GL,2022-01-26 22:19:53
36,Bereda,43.2686,-7.5406,45.91,96,53,2.98,ES,2022-01-26 22:19:53
37,Palmer,42.1584,-72.3287,21.47,39,0,1.99,US,2022-01-26 22:17:05
38,Anito,12.4497,125.2886,77.85,92,93,9.24,PH,2022-01-26 22:19:53
39,Port Hardy,50.6996,-127.4199,42.98,75,75,0.0,CA,2022-01-26 22:19:54
40,Bengkulu,-3.8004,102.2655,76.62,87,100,4.41,ID,2022-01-26 22:19:54
41,Mataura,-46.1927,168.8643,57.47,68,40,7.27,NZ,2022-01-26 22:19:54
42,Ahipara,-35.1667,173.1667,70.81,63,87,14.0,NZ,2022-01-26 22:19:55
43,Saskylakh,71.9167,114.0833,-4.81,90,71,6.71,RU,2022-01-26 22:19:55
44,Havoysund,70.9963,24.6622,29.28,86,100,8.63,NO,2022-01-26 22:19:55
45,Hasaki,35.7333,140.8333,30.6,78,53,6.51,JP,2022-01-26 22:19:56
46,Doba,8.65,16.85,73.31,21,94,6.08,TD,2022-01-26 22:19:56
47,Kasongo-Lunda,-6.4667,16.8167,69.48,97,93,1.97,CD,2022-01-26 22:19:56
48,Portland,45.5234,-122.6762,53.11,60,20,1.01,US,2022-01-26 22:16:57
49,Nanortalik,60.1432,-45.2371,16.18,81,100,9.66,GL,2022-01-26 22:20:57
50,Alappuzha,9.49,76.3264,74.93,81,100,4.61,IN,2022-01-26 22:20:57
51,Verkhnyaya Toyma,62.2349,44.9985,-10.77,100,98,1.36,RU,2022-01-26 22:20:57
52,Mundo Novo,-11.8589,-40.4725,71.4,83,100,5.64,BR,2022-01-26 22:20:58
53,Aksu,41.1231,80.2644,22.23,63,16,2.35,CN,2022-01-26 22:20:58
54,Illapel,-31.6308,-71.1653,75.74,51,0,7.23,CL,2022-01-26 22:20:58
55,Mahebourg,-20.4081,57.7,71.26,83,20,3.44,MU,2022-01-26 22:20:59
56,Pevek,69.7008,170.3133,-33.93,98,51,2.91,RU,2022-01-26 22:20:59
57,Novomikhaylovskiy,44.2581,38.8578,32.65,90,100,6.53,RU,2022-01-26 22:20:11
58,Constantine,36.365,6.6147,38.61,75,0,3.44,DZ,2022-01-26 22:21:00
59,Luderitz,-26.6481,15.1594,71.87,62,5,20.27,NA,2022-01-26 22:21:00
60,Yellowknife,62.456,-114.3525,6.42,84,100,3.44,CA,2022-01-26 22:21:00
61,Mar Del Plata,-38.0023,-57.5575,64.42,66,20,23.0,AR,2022-01-26 22:19:18
62,Buenos Aires,-34.6132,-58.3772,74.95,61,40,17.27,AR,2022-01-26 22:21:01
63,Kasese,0.1833,30.0833,73.74,52,98,2.75,UG,2022-01-26 22:21:01
64,Aitape,-3.1374,142.3475,79.11,89,100,2.91,PG,2022-01-26 22:21:01
65,Subotica,46.1,19.6667,32.77,93,84,8.86,RS,2022-01-26 22:21:02
66,Emet,39.343,29.2585,9.88,99,98,1.5,TR,2022-01-26 22:21:02
67,Songjianghe,42.1859,127.479,-4.85,99,42,2.64,CN,2022-01-26 22:21:02
68,Araceli,10.5529,119.9913,80.42,83,80,12.82,PH,2022-01-26 22:21:03
69,Yabrud,33.9674,36.6574,28.06,88,96,10.09,SY,2022-01-26 22:21:03
70,Puerto Ayora,-0.7393,-90.3518,78.76,80,70,9.66,EC,2022-01-26 22:21:03
71,Bonthe,7.5264,-12.505,78.82,79,84,8.66,SL,2022-01-26 22:21:04
72,Cayenne,4.9333,-52.3333,75.24,94,100,3.44,GF,2022-01-26 22:21:04
73,New Norfolk,-42.7826,147.0587,69.89,57,100,1.99,AU,2022-01-26 22:21:04
74,Sioux Lookout,50.1001,-91.917,16.18,79,100,11.5,CA,2022-01-26 22:21:05
75,Formosa,-26.1775,-58.1781,80.58,83,100,8.05,AR,2022-01-26 22:21:05
76,Barrow,71.2906,-156.7887,-11.18,70,0,17.27,US,2022-01-26 22:21:05
77,Tuktoyaktuk,69.4541,-133.0374,-4.0,71,20,20.71,CA,2022-01-26 22:21:06
78,Marawi,7.9986,124.2928,65.64,92,24,2.26,PH,2022-01-26 22:21:06
79,Tuatapere,-46.1333,167.6833,57.81,62,69,9.04,NZ,2022-01-26 22:20:07
80,Durusu,41.3053,28.6767,35.78,75,98,5.01,TR,2022-01-26 22:21:06
81,Coquimbo,-29.9533,-71.3436,67.73,63,0,14.97,CL,2022-01-26 22:21:07
82,Srandakan,-7.9386,110.2506,77.18,88,100,5.77,ID,2022-01-26 22:21:07
83,Honningsvag,70.9821,25.9704,30.07,87,100,11.72,NO,2022-01-26 22:21:08
84,Saint Anthony,45.0205,-93.218,22.14,71,0,5.99,US,2022-01-26 22:21:08
85,Kirakira,-10.4544,161.9205,79.18,88,100,7.94,SB,2022-01-26 22:21:08
86,Narsaq,60.9167,-46.05,19.62,86,79,9.48,GL,2022-01-26 22:21:09
87,Vaini,-21.2,-175.2,86.16,79,20,5.75,TO,2022-01-26 22:21:09
88,Yulara,-25.2406,130.9889,78.64,65,89,6.91,AU,2022-01-26 22:21:09
89,Greymouth,-42.4667,171.2,64.56,46,3,5.46,NZ,2022-01-26 22:21:10
90,Avera,33.194,-82.5271,55.74,61,68,9.08,US,2022-01-26 22:21:10
91,Chokurdakh,70.6333,147.9167,-28.64,98,42,11.61,RU,2022-01-26 22:21:10
92,Ponta Do Sol,32.6667,-17.1,60.71,70,87,8.01,PT,2022-01-26 22:21:11
93,Castro,-24.7911,-50.0119,72.9,80,53,8.72,BR,2022-01-26 22:21:11
94,Atuona,-9.8,-139.0333,79.0,77,13,18.97,PF,2022-01-26 22:21:11
95,Betong,5.7743,101.0723,70.0,84,83,2.39,TH,2022-01-26 22:21:12
96,Araouane,18.9048,-3.5265,68.85,13,92,9.06,ML,2022-01-26 22:22:12
97,Jamestown,42.097,-79.2353,17.1,44,100,8.05,US,2022-01-26 22:22:12
98,San Lorenzo,-25.3333,-57.5333,96.73,36,86,2.1,PY,2022-01-26 22:22:13
99,Bredasdorp,-34.5322,20.0403,65.28,85,93,9.35,ZA,2022-01-26 22:22:13
100,Pemba,-12.974,40.5178,81.3,83,75,6.91,MZ,2022-01-26 22:19:22
101,Cape Town,-33.9258,18.4232,70.21,78,0,3.0,ZA,2022-01-26 22:22:14
102,Nsanje,-16.92,35.262,74.3,96,99,1.81,MW,2022-01-26 22:22:14
103,Ust-Abakan,53.8525,91.3742,-2.29,84,100,0.0,RU,2022-01-26 22:22:14
104,Aykhal,66.0,111.5,-10.77,88,76,6.44,RU,2022-01-26 22:22:15
105,Khorixas,-20.3667,14.9667,78.42,49,89,7.2,NA,2022-01-26 22:22:15
106,Latung,5.5,120.8833,82.33,77,25,7.96,PH,2022-01-26 22:22:15
107,Severo-Yeniseyskiy,60.3725,93.0408,-20.07,100,11,3.0,RU,2022-01-26 22:21:17
108,Mackenzie,55.2999,-123.1698,23.22,80,0,3.44,CA,2022-01-26 22:22:16
109,Yumen,40.2833,97.2,17.62,48,33,6.91,CN,2022-01-26 22:22:16
110,Plettenberg Bay,-34.0527,23.3716,66.34,95,100,9.62,ZA,2022-01-26 22:22:16
111,Saint George,37.1041,-113.5841,54.07,24,0,1.99,US,2022-01-26 22:17:46
112,Camocim,-2.9022,-40.8411,77.9,85,100,12.17,BR,2022-01-26 22:22:17
113,Iskateley,67.6803,53.1512,2.73,96,57,11.72,RU,2022-01-26 22:21:14
114,Upernavik,72.7868,-56.1549,10.51,85,84,26.13,GL,2022-01-26 22:22:17
115,Kaitangata,-46.2817,169.8464,55.92,58,54,12.75,NZ,2022-01-26 22:22:18
116,Ancud,-41.8697,-73.8203,76.53,61,0,3.36,CL,2022-01-26 22:22:18
117,Tilichiki,60.4667,166.1,10.56,95,100,9.66,RU,2022-01-26 22:22:18
118,Maku,39.2911,44.4521,19.96,83,67,4.9,IR,2022-01-26 22:22:19
119,Hay River,60.8156,-115.7999,13.98,79,75,8.05,CA,2022-01-26 22:22:19
120,Esterhazy,50.65,-102.0843,29.25,85,100,20.69,CA,2022-01-26 22:19:08
121,Candelaria,13.9311,121.4233,73.72,97,40,4.21,PH,2022-01-26 22:22:20
122,Butaritari,3.0707,172.7902,81.59,79,66,14.29,KI,2022-01-26 22:22:20
123,Coihaique,-45.5752,-72.0662,81.21,26,0,9.22,CL,2022-01-26 22:22:20
124,Bosaso,11.2842,49.1816,71.28,69,1,4.9,SO,2022-01-26 22:22:21
125,Eureka,40.8021,-124.1637,61.66,78,0,3.0,US,2022-01-26 22:22:21
126,Hilo,19.7297,-155.09,80.33,65,40,8.05,US,2022-01-26 22:22:21
127,Olafsvik,64.8945,-23.7142,34.79,60,100,9.6,IS,2022-01-26 22:22:22
128,Arawa,-6.2132,155.5367,79.54,88,100,1.03,PG,2022-01-26 22:22:22
129,Itarema,-2.9248,-39.9167,81.09,76,100,15.43,BR,2022-01-26 22:22:22
130,Rehnan,32.6846,51.6013,36.91,51,2,3.36,IR,2022-01-26 22:22:23
131,Mehamn,71.0357,27.8492,24.71,88,97,13.85,NO,2022-01-26 22:22:23
132,Longyearbyen,78.2186,15.6401,10.24,67,20,14.97,SJ,2022-01-26 22:22:23
133,Chuy,-33.6971,-53.4616,70.54,92,97,8.5,UY,2022-01-26 22:22:24
134,Codrington,-38.2667,141.9667,71.83,85,36,1.88,AU,2022-01-26 22:22:24
135,Dikson,73.5069,80.5464,13.89,93,100,28.19,RU,2022-01-26 22:22:24
136,Severo-Kurilsk,50.6789,156.125,25.86,73,91,23.29,RU,2022-01-26 22:22:25
137,Methoni,36.8197,21.7049,40.21,46,1,4.81,GR,2022-01-26 22:22:25
138,Coromandel,-18.4733,-47.2003,68.52,87,77,2.42,BR,2022-01-26 22:19:01
139,Dunedin,-45.8742,170.5036,56.8,73,49,13.0,NZ,2022-01-26 22:23:26
140,Norman Wells,65.282,-126.8329,8.64,85,75,3.44,CA,2022-01-26 22:18:26
141,Anadyr,64.75,177.4833,-20.72,97,100,4.72,RU,2022-01-26 22:23:26
142,Birao,10.2849,22.7882,76.3,18,61,12.17,CF,2022-01-26 22:23:27
143,Ourinhos,-22.9789,-49.8706,78.66,69,92,2.53,BR,2022-01-26 22:23:27
144,Axim,4.8699,-2.2405,79.38,83,1,6.91,GH,2022-01-26 22:20:09
145,Naze,28.3667,129.4833,58.12,74,51,3.98,JP,2022-01-26 22:23:28
146,Faanui,-16.4833,-151.75,80.74,77,80,16.33,PF,2022-01-26 22:23:28
147,Hovd,48.0056,91.6419,-13.81,82,39,2.57,MN,2022-01-26 22:23:28
148,Kavieng,-2.5744,150.7967,83.41,75,74,7.7,PG,2022-01-26 22:23:29
149,Oum Hadjer,13.2954,19.6966,71.74,19,2,17.58,TD,2022-01-26 22:23:29
150,Baherden,38.4362,57.4316,43.72,40,0,5.57,TM,2022-01-26 22:23:29
151,San Patricio,28.017,-97.5169,63.54,60,88,9.57,US,2022-01-26 22:23:30
152,Gat,31.61,34.7642,47.08,100,100,27.78,IL,2022-01-26 22:21:00
153,East London,-33.0153,27.9116,73.85,90,72,4.79,ZA,2022-01-26 22:20:50
154,Waingapu,-9.6567,120.2641,78.48,86,100,10.49,ID,2022-01-26 22:23:30
155,Namatanai,-3.6667,152.4333,82.4,77,89,2.62,PG,2022-01-26 22:23:31
156,Santa Lucia,27.9117,-15.5407,56.77,72,20,10.36,ES,2022-01-26 22:23:31
157,Lebu,-37.6167,-73.65,64.45,72,0,11.16,CL,2022-01-26 22:23:31
158,Udachnyy,66.4167,112.4,-14.78,89,81,5.01,RU,2022-01-26 22:23:32
159,Egvekinot,66.3167,-179.1667,-23.33,84,35,0.94,RU,2022-01-26 22:23:32
160,Mogadouro,41.3403,-6.7119,33.78,69,5,5.55,PT,2022-01-26 22:23:32
161,Aljezur,37.3191,-8.8033,54.34,67,91,8.12,PT,2022-01-26 22:23:32
162,Miri,4.4148,114.0089,75.34,100,40,3.44,MY,2022-01-26 22:23:33
163,Mahon,39.8885,4.2658,45.16,93,0,2.3,ES,2022-01-26 22:23:33
164,Bethel,41.3712,-73.414,24.76,46,0,8.05,US,2022-01-26 22:23:33
165,Nanakuli,21.3906,-158.1547,80.55,59,100,14.97,US,2022-01-26 22:23:34
166,Katsuura,35.1333,140.3,37.51,81,68,11.41,JP,2022-01-26 22:23:34
167,Abu Samrah,35.3029,37.1841,38.64,95,100,9.89,SY,2022-01-26 22:23:34
168,Ballina,-28.8667,153.5667,74.79,84,14,7.58,AU,2022-01-26 22:23:20
169,Ushumun,52.7833,126.5333,-10.84,92,5,7.07,RU,2022-01-26 22:23:35
170,Geraldton,-28.7667,114.6,64.81,82,0,8.05,AU,2022-01-26 22:23:35
171,Beihai,21.4833,109.1,67.89,91,97,9.22,CN,2022-01-26 22:23:36
172,Roma,43.2128,-75.4557,14.14,58,0,9.22,US,2022-01-26 22:23:36
173,Bambanglipuro,-7.95,110.2833,77.0,89,100,5.53,ID,2022-01-26 22:23:36
174,Bequimao,-2.4489,-44.7825,77.32,92,100,2.39,BR,2022-01-26 22:23:36
175,Avarua,-21.2078,-159.775,82.45,83,20,13.8,CK,2022-01-26 22:23:37
176,Cabinda,-5.55,12.2,77.7,89,69,3.96,AO,2022-01-26 22:23:37
177,Kharitonovo,61.4009,47.4978,-0.15,100,94,2.1,RU,2022-01-26 22:23:37
178,Nizwa,22.9333,57.5333,61.97,52,6,0.98,OM,2022-01-26 22:23:38
179,Marana,32.4367,-111.2254,69.35,19,0,4.61,US,2022-01-26 22:23:38
180,Glendive,47.1053,-104.7125,36.7,75,100,23.02,US,2022-01-26 22:23:39
181,Mutoko,-17.397,32.2268,62.4,97,100,2.68,ZW,2022-01-26 22:23:39
182,Faya,18.3851,42.4509,53.71,82,29,5.66,SA,2022-01-26 22:23:39
183,Ahtopol,42.1,27.95,37.87,68,85,7.76,BG,2022-01-26 22:24:39
184,Kamsack,51.5667,-101.9009,28.85,85,100,18.01,CA,2022-01-26 22:24:40
185,Ribeira Grande,38.5167,-28.7,59.79,77,15,14.32,PT,2022-01-26 22:24:40
186,Kahului,20.8947,-156.47,81.97,62,20,16.11,US,2022-01-26 22:24:41
187,Nijar,36.9665,-2.206,53.24,62,0,16.11,ES,2022-01-26 22:24:41
188,Nalut,30.3333,10.85,41.38,51,74,9.69,LY,2022-01-26 22:24:42
189,Viedma,-40.8135,-62.9967,66.83,45,0,13.15,AR,2022-01-26 22:24:42
190,Umm Lajj,25.0213,37.2685,63.86,49,8,10.58,SA,2022-01-26 22:24:16
191,La Plata,-34.9215,-57.9545,74.98,70,100,20.67,AR,2022-01-26 22:20:48
192,Olavarria,-36.8927,-60.3225,65.3,51,47,16.62,AR,2022-01-26 22:24:42
193,Torbay,47.6666,-52.7314,37.76,97,75,8.05,CA,2022-01-26 22:24:43
194,Buta,2.7858,24.73,76.55,35,97,0.81,CD,2022-01-26 22:24:43
195,Padang,-0.9492,100.3543,75.25,81,100,3.87,ID,2022-01-26 22:24:43
196,Arraial Do Cabo,-22.9661,-42.0278,80.56,69,0,11.5,BR,2022-01-26 22:24:44
197,Rocha,-34.4833,-54.3333,70.92,93,100,9.4,UY,2022-01-26 22:24:44
198,Hearst,49.6835,-83.6665,14.25,78,100,19.44,CA,2022-01-26 22:24:44
199,Horsham,51.064,-0.3272,45.01,87,75,5.75,GB,2022-01-26 22:24:45
200,Bambous Virieux,-20.3428,57.7575,71.22,83,20,3.44,MU,2022-01-26 22:24:15
201,Kodiak,57.79,-152.4072,35.11,87,100,9.22,US,2022-01-26 22:24:45
202,Deputatskiy,69.3,139.9,-13.92,91,100,5.17,RU,2022-01-26 22:24:45
203,Carnarvon,-24.8667,113.6333,75.27,78,100,18.41,AU,2022-01-26 22:24:46
204,Vysha,53.8477,42.3777,-0.17,100,95,4.18,RU,2022-01-26 22:24:46
205,Harrisburg,40.2737,-76.8844,26.58,51,75,3.0,US,2022-01-26 22:20:36
206,Havre-Saint-Pierre,50.2334,-63.5986,1.99,65,0,5.75,CA,2022-01-26 22:24:47
207,Phichit,16.25,100.4167,76.01,45,7,1.54,TH,2022-01-26 22:24:47
208,Tucuman,-26.8241,-65.2226,71.6,88,100,9.22,AR,2022-01-26 22:24:47
209,Dingzhou,38.5131,114.9956,26.71,48,77,2.71,CN,2022-01-26 22:24:47
210,Bathsheba,13.2167,-59.5167,77.61,73,75,11.5,BB,2022-01-26 22:24:15
211,Labuhan,-6.8844,112.2051,77.61,89,99,8.86,ID,2022-01-26 22:24:48
212,Mogwase,-25.185,27.2665,71.62,54,99,4.63,ZA,2022-01-26 22:24:48
213,Vila Velha,-20.3297,-40.2925,77.45,80,0,5.99,BR,2022-01-26 22:23:57
214,Canutama,-6.5339,-64.3831,76.37,88,100,1.01,BR,2022-01-26 22:24:49
215,Santiago Del Estero,-27.7951,-64.2615,79.38,85,99,8.25,AR,2022-01-26 22:24:49
216,Kamiiso,41.8167,140.65,21.58,86,75,3.44,JP,2022-01-26 22:24:49
217,Shache,38.4167,77.2406,29.71,51,7,5.26,CN,2022-01-26 22:24:50
218,Iwanai,42.9744,140.5089,28.27,86,99,9.35,JP,2022-01-26 22:24:50
219,Rawson,-43.3002,-65.1023,63.3,57,1,13.91,AR,2022-01-26 22:24:50
220,Lewiston,44.1003,-70.2148,15.75,52,0,11.5,US,2022-01-26 22:22:07
221,Talaya,61.3833,152.75,-40.32,100,100,1.01,RU,2022-01-26 22:24:51
222,Llandrindod Wells,52.2416,-3.3787,44.4,93,100,12.01,GB,2022-01-26 22:24:51
223,Maniitsoq,65.4167,-52.9,14.47,64,98,10.07,GL,2022-01-26 22:24:52
224,Ostrovnoy,68.0531,39.5131,9.81,90,6,16.8,RU,2022-01-26 22:24:52
225,Nicoya,10.1483,-85.452,87.35,35,80,7.29,CR,2022-01-26 22:24:52
226,Te Anau,-45.4167,167.7167,54.93,59,48,3.91,NZ,2022-01-26 22:25:53
227,Bluff,-46.6,168.3333,57.79,62,80,12.73,NZ,2022-01-26 22:22:53
228,Ugoofaaru,5.6667,73.0,79.09,61,100,9.06,MV,2022-01-26 22:25:53
229,Leningradskiy,69.3833,178.4167,-26.7,89,29,3.36,RU,2022-01-26 22:25:53
230,Bilibino,68.0546,166.4372,-34.69,96,27,3.71,RU,2022-01-26 22:25:54
231,Raudeberg,61.9875,5.1352,40.19,92,100,4.0,NO,2022-01-26 22:25:54
232,Grindavik,63.8424,-22.4338,30.15,100,75,5.75,IS,2022-01-26 22:25:54
233,Saint-Philippe,-21.3585,55.7679,71.19,67,87,8.81,RE,2022-01-26 22:25:55
234,Ende,-8.8432,121.6623,78.44,89,100,5.41,ID,2022-01-26 22:25:55
235,Rabo De Peixe,37.8,-25.5833,58.51,91,75,11.5,PT,2022-01-26 22:25:55
236,Sao Filipe,14.8961,-24.4956,75.69,68,83,15.41,CV,2022-01-26 22:25:17
237,Yarada,17.65,83.2667,71.92,94,75,2.3,IN,2022-01-26 22:25:56
238,Tual,-5.6667,132.75,83.46,78,99,5.32,ID,2022-01-26 22:25:56
239,Qui Nhon,13.7667,109.2333,71.2,86,89,7.61,VN,2022-01-26 22:25:56
240,Juliaca,-15.5,-70.1333,57.43,46,90,10.16,PE,2022-01-26 22:25:57
241,Liyang,29.7057,118.2862,44.47,97,100,3.13,CN,2022-01-26 22:25:57
242,Beringovskiy,63.05,179.3167,-4.45,99,100,4.76,RU,2022-01-26 22:22:45
243,Bonoua,5.2741,-3.595,80.22,83,0,5.06,CI,2022-01-26 22:25:57
244,Eston,51.1501,-108.7514,33.93,87,100,16.84,CA,2022-01-26 22:25:58
245,Wangaratta,-36.3667,146.3333,76.46,55,100,10.36,AU,2022-01-26 22:25:58
246,Caravelas,-17.7125,-39.2481,75.51,90,70,4.59,BR,2022-01-26 22:25:58
247,Mogadishu,2.0371,45.3438,76.8,78,87,18.45,SO,2022-01-26 22:23:20
248,Lompoc,34.6391,-120.4579,69.94,63,0,9.22,US,2022-01-26 22:25:59
249,Hohhot,40.8106,111.6522,-0.11,71,0,4.47,CN,2022-01-26 22:25:59
250,San Luis,-33.295,-66.3356,80.64,53,57,23.06,AR,2022-01-26 22:26:00
251,Sergeyevka,53.88,67.4158,3.31,89,100,8.95,KZ,2022-01-26 22:26:00
252,Hokitika,-42.7167,170.9667,64.4,44,0,2.57,NZ,2022-01-26 22:26:00
253,Hamilton,39.1834,-84.5333,25.11,46,0,1.01,US,2022-01-26 22:23:33
254,Opuwo,-18.0607,13.84,74.37,61,82,7.58,NA,2022-01-26 22:26:01
255,Nisia Floresta,-6.0911,-35.2086,81.41,76,29,9.01,BR,2022-01-26 22:24:12
256,Staryy Nadym,65.6118,72.6842,1.45,96,97,9.8,RU,2022-01-26 22:26:01
257,Huron,41.1501,-82.5499,14.43,67,95,5.12,US,2022-01-26 22:26:01
258,Karpogory,64.0019,44.4451,-3.71,100,85,3.15,RU,2022-01-26 22:26:02
259,Rio Cuarto,-33.1307,-64.3499,78.57,65,40,16.11,AR,2022-01-26 22:26:02
260,Zalantun,48.0,122.7167,-4.34,88,20,7.54,CN,2022-01-26 22:26:02
261,Vanavara,60.34,102.2797,-18.71,100,86,0.67,RU,2022-01-26 22:26:03
262,Qaanaaq,77.484,-69.3632,-8.3,60,87,7.92,GL,2022-01-26 22:26:03
263,Pangnirtung,66.1451,-65.7125,-14.8,58,100,3.44,CA,2022-01-26 22:22:40
264,Khatanga,71.9667,102.5,-2.25,84,99,11.05,RU,2022-01-26 22:24:13
265,Bardsir,29.9227,56.5743,28.45,41,0,5.37,IR,2022-01-26 22:26:04
266,Esperance,-33.8667,121.9,62.44,84,81,7.14,AU,2022-01-26 22:26:04
267,Talnakh,69.4865,88.3972,4.21,95,100,17.0,RU,2022-01-26 22:26:04
268,Airai,-8.9266,125.4092,61.57,87,100,2.82,TL,2022-01-26 22:26:05
269,Salalah,17.0151,54.0924,66.83,59,0,3.04,OM,2022-01-26 22:21:26
270,Nikolskoye,59.7035,30.7861,23.72,88,100,9.28,RU,2022-01-26 22:26:05
271,Mulege,26.8833,-111.9833,67.5,46,97,11.59,MX,2022-01-26 22:26:05
272,Kahama,-3.8333,32.6,65.64,82,47,1.63,TZ,2022-01-26 22:26:06
273,Galeana,24.8333,-100.0667,67.32,60,34,2.46,MX,2022-01-26 22:27:06
274,Dubbo,-32.25,148.6167,69.93,68,100,16.11,AU,2022-01-26 22:27:07
275,Sao Joao Da Barra,-21.6403,-41.0511,75.97,82,20,22.88,BR,2022-01-26 22:27:07
276,Semnan,35.5729,53.3971,44.44,26,20,4.61,IR,2022-01-26 22:27:07
277,Mikkeli,61.6886,27.2723,28.51,93,100,8.05,FI,2022-01-26 22:27:08
278,Cangucu,-31.395,-52.6756,74.44,96,100,4.88,BR,2022-01-26 22:27:08
279,Los Llanos De Aridane,28.6585,-17.9182,58.75,74,20,5.99,ES,2022-01-26 22:27:08
280,Neuquen,-38.9516,-68.0591,80.49,34,0,14.97,AR,2022-01-26 22:27:09
281,Flinders,-34.5833,150.8552,76.37,66,88,5.99,AU,2022-01-26 22:27:09
282,Saurimo,-9.6608,20.3916,64.85,96,100,3.67,AO,2022-01-26 22:27:10
283,Zhigansk,66.7697,123.3711,-22.99,100,100,4.41,RU,2022-01-26 22:27:10
284,Rivera,-30.9053,-55.5508,74.48,95,100,8.93,UY,2022-01-26 22:27:10
285,Raichur,16.2,77.3667,70.18,46,84,11.03,IN,2022-01-26 22:27:10
286,Saldanha,-33.0117,17.9442,64.36,93,5,14.2,ZA,2022-01-26 22:27:11
287,Lukang,24.0567,120.4352,66.43,89,100,12.8,TW,2022-01-26 22:27:11
288,Santa Cruz,-17.8,-63.1667,89.65,48,40,18.41,BO,2022-01-26 22:24:28
289,Reguengos De Monsaraz,38.4253,-7.5349,53.28,68,97,9.91,PT,2022-01-26 22:27:12
290,Acapulco,16.8634,-99.8901,85.82,66,0,8.05,MX,2022-01-26 22:22:29
291,Benton Harbor,42.1167,-86.4542,16.03,45,0,6.91,US,2022-01-26 22:25:54
292,Mbulu,-3.85,35.5333,58.55,78,71,5.82,TZ,2022-01-26 22:27:12
293,Alikalia,9.1667,-11.4,72.63,21,90,0.92,SL,2022-01-26 22:27:13
294,Santiago,-33.4569,-70.6483,85.28,36,0,8.05,CL,2022-01-26 22:26:36
295,Siguiri,11.6667,-9.5,75.27,13,82,3.06,GN,2022-01-26 22:27:13
296,Cidreira,-30.1811,-50.2056,76.87,92,68,6.85,BR,2022-01-26 22:26:50
297,Rio Grande,-32.035,-52.0986,78.94,91,100,14.65,BR,2022-01-26 22:27:14
298,Lagos,6.5833,3.75,79.12,84,0,3.53,NG,2022-01-26 22:22:40
299,Goderich,43.7501,-81.7165,16.92,57,98,11.5,CA,2022-01-26 22:27:14
300,Henties Bay,-22.116,14.2845,65.86,86,88,4.14,NA,2022-01-26 22:24:04
301,Martapura,-3.4167,114.85,78.89,94,100,2.3,ID,2022-01-26 22:27:14
302,Lerwick,60.1545,-1.1494,48.2,82,83,34.99,GB,2022-01-26 22:27:15
303,Podor,16.6527,-14.9587,82.35,21,0,2.3,MR,2022-01-26 22:27:15
304,Koshki,54.2091,50.4677,10.42,95,100,7.65,RU,2022-01-26 22:27:16
305,Jaciara,-15.9653,-54.9683,76.68,85,93,5.06,BR,2022-01-26 22:27:16
306,Cairo,30.0626,31.2497,47.23,75,40,13.8,EG,2022-01-26 22:22:29
307,Alofi,-19.0595,-169.9187,80.49,94,75,9.22,NU,2022-01-26 22:27:16
308,Salinas,36.6777,-121.6555,68.99,53,0,0.0,US,2022-01-26 22:27:17
309,Sao Francisco,-15.9486,-44.8644,72.21,88,89,5.48,BR,2022-01-26 22:27:17
310,Kulhudhuffushi,6.6221,73.07,78.67,58,100,8.1,MV,2022-01-26 22:27:17
311,Panzhihua,26.5851,101.7128,44.55,77,1,1.63,CN,2022-01-26 22:27:18
312,Kensington,-33.9167,151.2167,77.76,69,75,1.99,AU,2022-01-26 22:27:18
313,Moron,-34.6534,-58.6198,74.95,63,100,14.94,AR,2022-01-26 22:27:18
314,Caucaia,-3.7361,-38.6531,84.07,76,20,9.22,BR,2022-01-26 22:27:19
315,Puerto Madryn,-42.7692,-65.0385,64.76,57,2,16.87,AR,2022-01-26 22:27:19
316,Lugovoy,42.9472,72.7644,25.95,53,0,6.33,KZ,2022-01-26 22:27:19
317,Saint-Georges,12.0564,-61.7485,80.28,74,75,5.75,GD,2022-01-26 22:27:20
318,Mortara,45.2473,8.7355,38.53,87,2,1.48,IT,2022-01-26 22:27:20
319,Meulaboh,4.1363,96.1285,75.99,84,99,2.64,ID,2022-01-26 22:28:20
320,Muromtsevo,56.3724,75.2418,-11.02,100,100,3.27,RU,2022-01-26 22:28:21
321,Merauke,-8.4667,140.3333,78.62,86,100,11.61,ID,2022-01-26 22:28:21
322,Port Blair,11.6667,92.75,78.84,78,20,1.14,IN,2022-01-26 22:28:21
323,Waddan,29.1614,16.139,45.14,56,4,5.84,LY,2022-01-26 22:28:22
324,Dingle,10.9995,122.6711,75.31,94,51,6.2,PH,2022-01-26 22:28:22
325,Polazna,58.2946,56.4055,-1.01,99,99,2.57,RU,2022-01-26 22:28:22
326,Lashio,22.9333,97.75,50.99,99,51,1.14,MM,2022-01-26 22:28:23
327,Alice Springs,-23.7,133.8833,80.15,74,80,5.75,AU,2022-01-26 22:25:50
328,Fortuna,40.5982,-124.1573,61.41,79,0,5.01,US,2022-01-26 22:28:23
329,Port Lincoln,-34.7333,135.8667,68.54,89,30,8.46,AU,2022-01-26 22:28:23
330,Skibbereen,51.55,-9.2667,49.8,96,100,16.82,IE,2022-01-26 22:28:24
331,Eydhafushi,5.1033,73.0708,79.34,64,95,12.28,MV,2022-01-26 22:28:24
332,Kovdor,67.5662,30.4758,12.63,97,100,4.05,RU,2022-01-26 22:28:24
333,Constitucion,-35.3333,-72.4167,65.25,75,15,10.16,CL,2022-01-26 22:28:25
334,Palana,59.1167,159.9667,-1.37,95,100,10.09,RU,2022-01-26 22:28:25
335,Kruisfontein,-34.0033,24.7314,66.88,95,100,3.67,ZA,2022-01-26 22:28:25
336,Sitka,57.0531,-135.33,37.29,81,75,4.61,US,2022-01-26 22:28:26
337,Komsomolskiy,40.4272,71.7189,33.22,80,0,6.91,UZ,2022-01-26 22:28:26
338,Nemuro,43.3236,145.575,27.57,95,100,3.06,JP,2022-01-26 22:28:26
339,Hoquiam,46.9809,-123.8893,56.01,71,0,12.66,US,2022-01-26 22:28:27
340,Karachi,24.9056,67.0822,57.02,47,1,5.75,PK,2022-01-26 22:28:27
341,Fukue,32.6881,128.8419,48.74,58,98,8.97,JP,2022-01-26 22:28:27
342,Dakar,14.6937,-17.4441,73.53,78,0,9.22,SN,2022-01-26 22:26:39
343,Rawlins,41.7911,-107.2387,28.62,53,0,9.22,US,2022-01-26 22:28:28
344,Albstadt,48.2164,9.026,27.05,95,78,2.21,DE,2022-01-26 22:28:28
345,Paragominas,-2.9667,-47.4833,73.09,95,100,2.73,BR,2022-01-26 22:28:28
346,Treinta Y Tres,-33.2333,-54.3833,70.41,96,100,6.38,UY,2022-01-26 22:28:29
347,Kirensk,57.7853,108.1119,-5.96,100,97,1.48,RU,2022-01-26 22:28:29
348,Santa Vitoria Do Palmar,-33.5189,-53.3681,70.38,93,100,8.43,BR,2022-01-26 22:28:29
349,Nome,64.5011,-165.4064,-16.83,90,0,0.0,US,2022-01-26 22:28:30
350,Hervey Bay,-25.2986,152.8535,78.03,75,100,8.99,AU,2022-01-26 22:23:55
351,Pacific Grove,36.6177,-121.9166,68.58,71,0,1.01,US,2022-01-26 22:28:30
352,Kieta,-6.2167,155.6333,80.04,83,100,1.48,PG,2022-01-26 22:28:31
353,Alamogordo,32.8995,-105.9603,53.56,37,0,5.75,US,2022-01-26 22:25:26
354,Tangi,34.3006,71.6536,42.8,35,0,4.72,PK,2022-01-26 22:28:31
355,Uhlove,44.8215,33.6045,30.56,96,100,6.89,UA,2022-01-26 22:28:32
356,Cherskiy,68.75,161.3,-44.27,99,47,4.05,RU,2022-01-26 22:28:32
357,Berlevag,70.8578,29.0864,24.75,68,0,20.71,NO,2022-01-26 22:28:32
358,Sicamous,50.8331,-118.9856,33.19,87,94,1.95,CA,2022-01-26 22:28:33
359,Slavsk,55.0425,21.677,37.87,91,100,14.56,RU,2022-01-26 22:28:33
360,Verkhnyaya Inta,65.9811,60.3094,9.07,92,100,7.85,RU,2022-01-26 22:28:33
361,Manbij,36.5281,37.9549,36.37,97,100,9.04,SY,2022-01-26 22:28:34
362,Terra Santa,-2.1042,-56.4869,77.22,89,100,1.88,BR,2022-01-26 22:28:34
363,Tlaltenango,19.1667,-98.3333,68.5,34,0,14.97,MX,2022-01-26 22:29:34
364,Beitbridge,-22.2167,30.0,72.14,86,100,19.44,ZW,2022-01-26 22:29:35
365,Provideniya,64.3833,-173.3,-5.69,65,75,4.47,RU,2022-01-26 22:26:44
366,Ahuimanu,21.4447,-157.8378,80.31,64,40,4.0,US,2022-01-26 22:29:35
367,Kungurtug,50.5994,97.5228,-18.36,94,37,1.92,RU,2022-01-26 22:29:36
368,Seymchan,62.8833,152.4333,-38.65,100,94,0.98,RU,2022-01-26 22:29:36
369,Areni,39.7191,45.1799,26.96,76,36,4.88,AM,2022-01-26 22:29:36
370,Naranjal,-2.6667,-79.6167,85.8,91,100,2.35,EC,2022-01-26 22:29:37
371,Shelburne,44.0787,-80.2041,14.45,80,54,5.48,CA,2022-01-26 22:29:37
372,Chambar,25.2931,68.812,56.07,33,0,0.4,PK,2022-01-26 22:29:37
373,Dabakala,8.3667,-4.4333,78.89,15,10,1.99,CI,2022-01-26 22:29:38
374,Kudahuvadhoo,2.6708,72.8944,80.31,67,100,15.73,MV,2022-01-26 22:29:38
375,Vardo,70.3705,31.1107,17.35,74,30,17.13,NO,2022-01-26 22:29:39
376,Romny,50.751,33.4747,18.43,94,100,1.83,UA,2022-01-26 22:29:39
377,Yaan,7.3833,8.5667,79.65,16,2,6.24,NG,2022-01-26 22:29:39
378,Altamira,-3.2033,-52.2064,78.89,100,40,2.3,BR,2022-01-26 22:25:03
379,Arman,59.7,150.1667,-13.72,82,99,10.07,RU,2022-01-26 22:29:40
380,Burayevo,55.8407,55.4083,15.49,94,100,11.81,RU,2022-01-26 22:29:40
381,Victoria,22.2855,114.1577,66.38,86,99,5.99,HK,2022-01-26 22:24:40
382,Lochem,52.1592,6.4111,40.86,89,100,15.3,NL,2022-01-26 22:29:40
383,Waipawa,-41.4122,175.5153,58.93,67,96,15.9,NZ,2022-01-26 22:25:18
384,Isangel,-19.55,169.2667,84.31,89,75,3.44,VU,2022-01-26 22:29:41
385,Contamana,-7.3333,-75.0167,84.49,55,90,2.48,PE,2022-01-26 22:29:41
386,Masuguru,-11.3667,38.4167,72.21,92,89,4.23,TZ,2022-01-26 22:29:42
387,Tura,25.5198,90.2201,55.58,89,69,3.87,IN,2022-01-26 22:29:42
388,Tsumeb,-19.2333,17.7167,71.15,65,95,4.92,NA,2022-01-26 22:25:17
389,Delhi,28.6667,77.2167,48.29,93,7,0.0,IN,2022-01-26 22:25:01
390,Monrovia,6.3005,-10.7969,76.77,80,4,6.53,LR,2022-01-26 22:29:43
391,Tank,32.2217,70.3793,50.63,39,0,2.57,PK,2022-01-26 22:29:43
392,Lata,40.1629,-8.3327,50.41,80,34,4.23,PT,2022-01-26 22:29:43
393,Bandar-E Anzali,37.4727,49.4622,48.31,86,88,7.99,IR,2022-01-26 22:29:44
394,Ewa Beach,21.3156,-158.0072,80.55,60,100,14.97,US,2022-01-26 22:29:44
395,Korop,51.5664,32.9586,0.21,100,87,2.77,UA,2022-01-26 22:29:44
396,Baiao,-2.7906,-49.6717,78.21,75,100,1.72,BR,2022-01-26 22:29:45
397,Ayagoz,47.9714,80.4392,4.91,99,100,4.74,KZ,2022-01-26 22:29:45
398,Pisco,-13.7,-76.2167,73.45,64,71,23.02,PE,2022-01-26 22:29:45
399,Iracoubo,5.4802,-53.2011,75.43,88,45,7.18,GF,2022-01-26 22:29:46
400,Mount Isa,-20.7333,139.5,74.97,100,100,9.22,AU,2022-01-26 22:29:46
401,Vao,-22.6667,167.4833,78.06,81,100,13.69,NC,2022-01-26 22:29:46
402,Namibe,-15.1961,12.1522,76.39,81,100,1.32,AO,2022-01-26 22:29:47
403,Stromness,58.965,-3.296,48.45,80,89,52.7,GB,2022-01-26 22:29:47
404,Ulladulla,-35.35,150.4667,74.3,61,39,6.93,AU,2022-01-26 22:26:25
405,Lerum,57.7745,12.2697,43.93,68,75,4.0,SE,2022-01-26 22:30:47
406,Arlit,18.7369,7.3853,58.87,25,30,8.84,NE,2022-01-26 22:30:48
407,Bandarbeyla,9.4942,50.8122,72.97,67,5,15.48,SO,2022-01-26 22:30:48
408,Salinopolis,-0.6136,-47.3561,79.07,82,97,8.57,BR,2022-01-26 22:30:49
409,La Seyne-Sur-Mer,43.0982,5.8847,43.61,81,0,7.14,FR,2022-01-26 22:30:49
410,Kiama,-34.6833,150.8667,76.57,66,89,7.0,AU,2022-01-26 22:27:03
411,Pandan Niog,6.2282,120.5631,81.28,82,71,10.85,PH,2022-01-26 22:30:50
412,Ustye,59.6304,39.736,-2.6,100,99,2.57,RU,2022-01-26 22:30:50
413,Lagoa,39.05,-27.9833,58.69,79,6,12.57,PT,2022-01-26 22:30:50
414,Santa Fe,-31.6333,-60.7,82.02,71,47,7.0,AR,2022-01-26 22:29:14
415,Nizhniy Kuranakh,58.8353,125.4869,-2.33,97,100,7.92,RU,2022-01-26 22:30:51
416,Pacifica,37.6138,-122.4869,65.52,63,0,5.99,US,2022-01-26 22:30:51
417,Brae,60.3964,-1.353,48.11,85,88,30.31,GB,2022-01-26 22:30:52
418,Chernyshevskiy,63.0128,112.4714,-18.42,100,91,3.13,RU,2022-01-26 22:30:52
419,Wicklow,53.0,-6.4167,45.95,96,100,9.75,IE,2022-01-26 22:30:52
420,Wuwei,37.9281,102.6414,18.95,64,65,0.96,CN,2022-01-26 22:30:53
421,Adilcevaz,38.8039,42.7342,29.91,78,96,6.31,TR,2022-01-26 22:30:53
422,Road Town,18.4167,-64.6167,80.69,78,20,5.75,VG,2022-01-26 22:30:53
423,Ambon,-3.6954,128.1814,75.34,88,20,9.22,ID,2022-01-26 22:30:54
424,Husavik,66.0449,-17.3389,28.31,73,100,9.46,IS,2022-01-26 22:30:54
425,Novopetrovskoye,55.9928,36.4719,18.61,97,100,3.13,RU,2022-01-26 22:30:54
426,Yanam,16.7333,82.2167,67.14,95,18,3.27,IN,2022-01-26 22:30:55
427,Slagelse,55.4028,11.3546,42.71,92,95,21.32,DK,2022-01-26 22:30:55
428,Roald,62.5833,6.1333,41.32,93,75,11.5,NO,2022-01-26 22:30:55
429,Puro,12.4841,123.3827,78.1,89,79,9.69,PH,2022-01-26 22:30:56
430,Amudat,1.95,34.95,69.31,47,0,6.17,UG,2022-01-26 22:30:56
431,Sayyan,15.1718,44.3244,48.51,51,0,1.9,YE,2022-01-26 22:30:56
432,Lakatoro,-16.0999,167.4164,85.28,73,99,10.8,VU,2022-01-26 22:30:57
433,Walcz,53.2779,16.4712,35.11,92,100,15.26,PL,2022-01-26 22:30:57
434,Enkoping,59.6361,17.0777,33.94,87,36,8.21,SE,2022-01-26 22:30:57
435,Humaita,-7.5061,-63.0208,73.67,94,100,1.68,BR,2022-01-26 22:30:58
436,Luwingu,-10.2621,29.9271,61.86,92,96,5.57,ZM,2022-01-26 22:30:58
437,Saint-Pierre,-21.3393,55.4781,71.28,68,50,9.22,RE,2022-01-26 22:30:58
438,Kisanga,-7.4362,37.7034,74.23,91,61,4.61,TZ,2022-01-26 22:30:59
439,Nishihara,26.1842,127.7558,66.25,79,40,4.61,JP,2022-01-26 22:30:59
440,Talakan,50.3167,130.3667,-18.67,100,100,0.49,RU,2022-01-26 22:30:59
441,Santa Rosa,14.3122,121.1114,77.86,88,43,7.72,PH,2022-01-26 22:31:00
442,Umkomaas,-30.2067,30.7978,76.68,90,76,8.39,ZA,2022-01-26 22:31:00
443,Oxford,51.7522,-1.256,43.21,88,20,1.01,GB,2022-01-26 22:29:19
444,San Cristobal,7.7669,-72.225,77.18,83,100,2.57,VE,2022-01-26 22:31:01
445,Warrington,53.3925,-2.5802,49.89,83,100,7.0,GB,2022-01-26 22:31:02
446,San Pedro,14.35,121.0167,77.11,91,20,2.3,PH,2022-01-26 22:31:03
447,Hofn,64.2539,-15.2082,31.86,72,100,5.23,IS,2022-01-26 22:31:03
448,Bonavista,48.6499,-53.1147,35.11,75,100,17.07,CA,2022-01-26 22:32:04
449,Krasnoarmeysk,51.0239,45.6969,8.24,98,70,4.18,RU,2022-01-26 22:32:04
450,Tahta,26.7693,31.5021,44.78,52,1,7.58,EG,2022-01-26 22:32:04
451,Tchollire,8.4022,14.1698,68.13,22,100,1.79,CM,2022-01-26 22:32:05
452,Nadvoitsy,63.8667,34.3167,20.64,94,100,8.66,RU,2022-01-26 22:32:06
453,Okhotsk,59.3833,143.3,-7.26,79,100,16.15,RU,2022-01-26 22:32:06
454,Klaksvik,62.2266,-6.589,36.52,90,100,31.41,FO,2022-01-26 22:32:07
455,Urumqi,43.801,87.6005,-1.25,85,75,2.24,CN,2022-01-26 22:32:07
456,Mayumba,-3.432,10.6554,75.87,91,13,1.88,GA,2022-01-26 22:32:07
457,Campbell River,50.0163,-125.2446,33.33,100,100,2.3,CA,2022-01-26 22:30:50
458,Sri Aman,1.2376,111.4621,75.25,94,100,0.0,MY,2022-01-26 22:29:23
459,Tripoli,32.8752,13.1875,53.64,57,55,6.26,LY,2022-01-26 22:32:08
460,Peski,55.2163,38.7626,21.79,100,94,2.66,RU,2022-01-26 22:32:08
461,Kathu,7.9178,98.3332,76.82,80,13,12.64,TH,2022-01-26 22:32:09
462,Hualmay,-11.0964,-77.6139,73.06,78,64,9.42,PE,2022-01-26 22:32:09
463,Gelibolu,40.4103,26.6708,30.06,60,18,1.9,TR,2022-01-26 22:32:09
464,Bekasi,-6.2349,106.9896,78.49,100,20,0.0,ID,2022-01-26 22:32:10
465,Kuching,1.55,110.3333,75.42,100,40,2.3,MY,2022-01-26 22:32:10
466,Shenjiamen,29.9576,122.298,48.72,86,100,18.81,CN,2022-01-26 22:32:11
467,Adrar,20.5022,-10.0711,67.19,17,56,7.45,MR,2022-01-26 22:32:11
468,Paamiut,61.994,-49.6678,10.54,73,100,15.95,GL,2022-01-26 22:32:11
469,Broome,42.2506,-75.833,16.38,60,0,6.91,US,2022-01-26 22:32:12
470,Georgiyevka,43.0369,74.7114,21.24,79,0,6.71,KZ,2022-01-26 22:32:12
471,Kande,9.9578,1.0447,73.76,18,0,4.27,TG,2022-01-26 22:32:13
472,Kasane,-17.8167,25.15,65.71,96,100,5.82,BW,2022-01-26 22:32:13
473,Paracuru,-3.41,-39.0306,82.42,82,100,12.46,BR,2022-01-26 22:32:13
474,Turukhansk,65.8167,87.9833,-8.5,94,81,13.13,RU,2022-01-26 22:32:14
475,Mount Gambier,-37.8333,140.7667,76.91,73,9,5.75,AU,2022-01-26 22:32:15
476,Arnes,60.1211,11.4663,39.87,79,100,6.31,NO,2022-01-26 22:32:15
477,Haicheng,40.8516,122.7475,10.67,71,2,4.94,CN,2022-01-26 22:32:15
478,Kouango,4.9934,19.9619,79.61,22,100,4.92,CF,2022-01-26 22:32:16
479,Wilmington,34.2257,-77.9447,45.91,55,0,10.36,US,2022-01-26 22:30:50
480,Kokstad,-30.5472,29.4241,59.58,90,33,3.18,ZA,2022-01-26 22:32:16
481,Sete,43.4018,3.6966,46.89,60,0,2.98,FR,2022-01-26 22:32:17
482,Akita,39.7167,140.1167,32.94,86,75,4.61,JP,2022-01-26 22:29:20
483,Tobane,-21.95,27.9,69.19,87,100,12.8,BW,2022-01-26 22:32:17
484,Irtyshskiy,58.3333,68.1333,5.11,93,99,7.43,RU,2022-01-26 22:32:17
485,Bac Lieu,9.285,105.7244,74.8,87,41,7.09,VN,2022-01-26 22:32:18
486,Pokhara,28.2333,83.9833,44.42,61,46,5.06,NP,2022-01-26 22:32:18
487,Kedrovyy,56.1667,91.8167,3.87,99,100,2.68,RU,2022-01-26 22:32:19
488,Korla,41.7597,86.1469,21.78,70,0,3.0,CN,2022-01-26 22:32:19
489,Tonantins,-2.8731,-67.8022,75.27,97,100,2.55,BR,2022-01-26 22:32:19
490,Surt,31.2089,16.5887,54.37,58,76,9.51,LY,2022-01-26 22:28:39
491,Wolfsburg,52.4333,10.8,40.44,84,100,16.64,DE,2022-01-26 22:32:20
492,Coos Bay,43.3665,-124.2179,54.99,88,0,5.75,US,2022-01-26 22:30:50
493,Muntilan,-7.5811,110.2928,73.72,94,100,2.08,ID,2022-01-26 22:32:20
494,Port Macquarie,-31.4333,152.9167,75.88,52,73,3.42,AU,2022-01-26 22:30:43
495,Ducheng,23.2373,111.5317,63.32,96,48,2.21,CN,2022-01-26 22:32:21
496,Madaripur,23.1753,90.2072,62.28,77,73,5.03,BD,2022-01-26 22:33:21
497,Farah,32.5,62.5,39.56,42,1,1.81,AF,2022-01-26 22:33:22
498,Ler,8.3018,30.1418,80.35,19,43,10.38,SS,2022-01-26 22:33:22
499,Gushi,34.6425,109.5843,33.62,98,100,3.02,CN,2022-01-26 22:33:22
500,Tiarei,-17.5333,-149.3333,86.02,76,95,16.08,PF,2022-01-26 22:33:23
501,Kitakata,37.65,139.8667,37.51,91,78,9.57,JP,2022-01-26 22:33:23
502,Energetik,51.7445,58.7934,21.04,97,100,6.69,RU,2022-01-26 22:33:23
503,Bayji,34.9311,43.487,49.51,45,11,3.04,IQ,2022-01-26 22:33:24
504,Comodoro Rivadavia,-45.8667,-67.5,66.06,52,0,13.8,AR,2022-01-26 22:30:01
505,Hawera,-39.5917,174.2833,69.96,60,100,16.62,NZ,2022-01-26 22:33:24
506,Mecca,21.4267,39.8261,66.24,62,79,12.73,SA,2022-01-26 22:32:18
507,Anchorage,61.2181,-149.9003,26.31,86,75,6.91,US,2022-01-26 22:30:09
508,Tecoanapa,16.5167,-98.75,81.79,66,0,8.55,MX,2022-01-26 22:33:25
509,Ekibastuz,51.6667,75.3667,3.29,90,41,7.81,KZ,2022-01-26 22:33:25
510,Madimba,-10.4,40.3333,77.67,79,91,5.79,TZ,2022-01-26 22:33:26
511,Santiago De Cao,-7.9589,-79.2392,68.13,88,0,8.05,PE,2022-01-26 22:33:26
512,Danilovka,50.3557,44.1168,15.53,97,99,3.83,RU,2022-01-26 22:33:26
513,Souillac,-20.5167,57.5167,71.37,83,20,3.44,MU,2022-01-26 22:33:27
514,Morogoro,-6.8167,37.6667,70.79,94,68,3.02,TZ,2022-01-26 22:33:27
515,Angoche,-16.2325,39.9086,74.44,92,100,8.75,MZ,2022-01-26 22:33:27
516,Douglas,41.3,-96.167,39.13,46,0,10.0,US,2022-01-26 22:33:28
517,Jalu,29.0331,21.5482,47.61,66,6,7.96,LY,2022-01-26 22:33:28
518,Malanje,-9.5402,16.341,62.96,98,100,3.2,AO,2022-01-26 22:33:28
519,Carora,10.1755,-70.0827,82.71,41,87,9.75,VE,2022-01-26 22:33:29
520,Kiunga,-6.1219,141.2906,70.65,99,100,4.16,PG,2022-01-26 22:33:29
521,Bharatpur,27.2167,77.4833,46.4,66,0,6.44,IN,2022-01-26 22:33:29
522,Moose Factory,51.2585,-80.6094,6.8,72,100,25.32,CA,2022-01-26 22:33:30
523,Gushikawa,26.3544,127.8686,66.2,83,0,5.75,JP,2022-01-26 22:33:30
524,Huarmey,-10.0681,-78.1522,73.89,76,25,9.66,PE,2022-01-26 22:33:30
525,Palmas Bellas,9.2319,-80.0867,85.1,78,100,9.42,PA,2022-01-26 22:33:31
526,Dudinka,69.4058,86.1778,4.62,95,100,26.57,RU,2022-01-26 22:33:31
527,Bubaque,11.2833,-15.8333,78.49,65,58,10.58,GW,2022-01-26 22:33:31
528,Chase,50.8165,-119.6857,33.08,87,88,1.25,CA,2022-01-26 22:33:32
529,Peace River,56.2501,-117.286,37.71,69,20,11.5,CA,2022-01-26 22:33:32
530,Caranavi,-15.8167,-67.55,68.16,94,100,2.3,BO,2022-01-26 22:33:32
531,Medveda,56.5081,92.4078,5.18,98,100,2.13,RU,2022-01-26 22:33:33
532,Kaeo,-35.1,173.7833,74.32,73,73,6.42,NZ,2022-01-26 22:33:33
533,Heihe,50.2441,127.4902,-1.62,91,8,5.41,CN,2022-01-26 22:33:33
534,Inhambane,-23.865,35.3833,77.32,88,76,9.31,MZ,2022-01-26 22:33:34
535,Ilanskiy,56.2358,96.065,9.57,96,100,3.4,RU,2022-01-26 22:33:09
536,Lodja,-3.4833,23.4333,69.82,98,100,3.04,CD,2022-01-26 22:33:34
